{"stats":{"minecraft:picked_up":{"minecraft:blue_wool":8,"minecraft:nether_quartz_ore":10,"minecraft:lime_wool":8,"minecraft:mojang_banner_pattern":1,"minecraft:pink_concrete":8,"minecraft:purple_wool":8,"minecraft:light_blue_concrete":8,"minecraft:yellow_wool":8,"minecraft:yellow_concrete":8,"minecraft:red_wool":8,"minecraft:lime_concrete":8,"minecraft:pink_wool":8,"minecraft:skull_banner_pattern":1,"minecraft:brown_concrete":8,"minecraft:blue_concrete":8,"minecraft:gold_ore":8,"minecraft:gray_concrete":8,"minecraft:orange_wool":8,"minecraft:iron_axe":1,"minecraft:orange_concrete":8,"minecraft:nether_gold_ore":6,"minecraft:globe_banner_pattern":1,"minecraft:light_gray_concrete":8,"minecraft:coal_ore":8,"minecraft:magenta_wool":8,"minecraft:creeper_banner_pattern":1,"minecraft:green_concrete":8,"minecraft:apple":1,"minecraft:light_blue_wool":8,"minecraft:black_concrete":8,"minecraft:iron_ore":6,"minecraft:cyan_wool":8,"minecraft:flower_banner_pattern":1,"minecraft:white_concrete":8,"minecraft:gray_wool":8,"minecraft:green_wool":8,"minecraft:iron_pickaxe":1,"minecraft:light_gray_wool":8,"minecraft:piglin_banner_pattern":1,"minecraft:magenta_concrete":8,"minecraft:cyan_concrete":8,"minecraft:black_wool":8,"minecraft:red_concrete":8,"minecraft:lapis_ore":6,"minecraft:emerald_ore":6,"minecraft:white_wool":8,"minecraft:nether_star":1,"minecraft:purple_concrete":8,"minecraft:diamond_ore":7},"minecraft:used":{"minecraft:black_concrete":7,"minecraft:apple":1,"minecraft:iron_axe":2,"minecraft:pink_wool":2,"minecraft:white_wool":2,"minecraft:pink_concrete":8},"minecraft:killed_by":{"minecraft:vindicator":2},"minecraft:dropped":{"minecraft:red_concrete":8,"minecraft:lime_concrete":8,"minecraft:yellow_wool":8,"minecraft:blue_wool":8,"minecraft:lime_wool":8,"minecraft:green_concrete":8,"minecraft:blue_concrete":8,"minecraft:iron_pickaxe":1,"minecraft:black_concrete":1,"minecraft:light_gray_concrete":8,"minecraft:magenta_concrete":8},"minecraft:custom":{"minecraft:time_since_rest":678,"minecraft:sprint_one_cm":27691,"minecraft:damage_taken":1456,"minecraft:walk_one_cm":25170,"minecraft:drop":18,"minecraft:damage_dealt":96,"minecraft:fly_one_cm":42212,"minecraft:play_time":9201,"minecraft:deaths":3,"minecraft:sneak_time":40,"minecraft:jump":184,"minecraft:leave_game":1,"minecraft:time_since_death":654,"minecraft:total_world_time":9201,"minecraft:fall_one_cm":2531},"minecraft:mined":{"minecraft:yellow_stained_glass":12}},"DataVersion":3578}