{"stats":{"minecraft:picked_up":{"minecraft:lapis_ore":6,"minecraft:sponge":1,"minecraft:iron_chestplate":1,"minecraft:clock":1,"minecraft:light_blue_concrete":24,"minecraft:purple_wool":8,"minecraft:creeper_head":1,"minecraft:water_bucket":1,"minecraft:yellow_wool":8,"minecraft:pink_wool":8,"minecraft:potion":1,"minecraft:skull_banner_pattern":1,"minecraft:brown_concrete":8,"minecraft:dragon_head":1,"minecraft:blue_concrete":8,"minecraft:wither_skeleton_skull":1,"minecraft:gray_concrete":24,"minecraft:orange_concrete":24,"minecraft:iron_axe":1,"minecraft:globe_banner_pattern":1,"minecraft:iron_leggings":1,"minecraft:zombie_head":1,"minecraft:magenta_wool":8,"minecraft:creeper_banner_pattern":3,"minecraft:apple":2,"minecraft:gold_nugget":1,"minecraft:bucket":2,"minecraft:written_book":1,"minecraft:iron_ore":6,"minecraft:cyan_wool":8,"minecraft:flower_banner_pattern":1,"minecraft:iron_pickaxe":1,"minecraft:light_gray_wool":8,"minecraft:cyan_concrete":24,"minecraft:purple_concrete":24,"minecraft:diamond_ore":7,"minecraft:blue_wool":8,"minecraft:stick":2,"minecraft:lime_wool":8,"minecraft:pink_concrete":8,"minecraft:mojang_banner_pattern":1,"minecraft:nether_quartz_ore":10,"minecraft:yellow_concrete":8,"minecraft:red_wool":8,"minecraft:lime_concrete":8,"minecraft:lava_bucket":1,"minecraft:gold_ore":8,"minecraft:orange_wool":8,"minecraft:light_gray_concrete":8,"minecraft:nether_gold_ore":6,"minecraft:coal_ore":8,"minecraft:slime_ball":1,"minecraft:green_concrete":8,"minecraft:light_blue_wool":8,"minecraft:black_concrete":8,"minecraft:iron_helmet":1,"minecraft:gray_wool":8,"minecraft:white_concrete":46,"minecraft:green_wool":8,"minecraft:netherite_chestplate":1,"minecraft:piglin_banner_pattern":1,"minecraft:nether_star":1,"minecraft:red_concrete":8,"minecraft:black_wool":8,"minecraft:magenta_concrete":8,"minecraft:white_wool":8,"minecraft:skeleton_skull":1,"minecraft:emerald_ore":6},"minecraft:used":{"minecraft:white_wool":3,"minecraft:pink_concrete":8,"minecraft:lava_bucket":1,"minecraft:black_concrete":7,"minecraft:apple":1,"minecraft:iron_axe":33,"minecraft:pink_wool":2,"minecraft:purple_concrete":8,"minecraft:potion":1,"minecraft:written_book":1,"minecraft:bucket":1},"minecraft:killed_by":{"minecraft:vindicator":2,"minecraft:player":1},"minecraft:custom":{"minecraft:leave_game":1,"minecraft:time_since_death":6323,"minecraft:time_since_rest":6381,"minecraft:sprint_one_cm":77150,"minecraft:damage_taken":2291,"minecraft:walk_one_cm":52732,"minecraft:drop":45,"minecraft:damage_dealt":173,"minecraft:fly_one_cm":105364,"minecraft:open_chest":1,"minecraft:play_time":21201,"minecraft:deaths":6,"minecraft:sneak_time":40,"minecraft:jump":419,"minecraft:total_world_time":21201,"minecraft:fall_one_cm":4379},"minecraft:dropped":{"minecraft:red_concrete":8,"minecraft:glass_bottle":1,"minecraft:lime_concrete":8,"minecraft:yellow_concrete":8,"minecraft:yellow_wool":8,"minecraft:blue_wool":8,"minecraft:lime_wool":8,"minecraft:iron_helmet":1,"minecraft:blue_concrete":8,"minecraft:green_concrete":8,"minecraft:creeper_banner_pattern":2,"minecraft:light_gray_concrete":8,"minecraft:magenta_concrete":8,"minecraft:cyan_wool":8,"minecraft:skull_banner_pattern":1,"minecraft:sponge":1,"minecraft:piglin_banner_pattern":1,"minecraft:iron_chestplate":1,"minecraft:pink_wool":6,"minecraft:zombie_head":1,"minecraft:gold_nugget":1,"minecraft:iron_pickaxe":1,"minecraft:globe_banner_pattern":1,"minecraft:black_concrete":1,"minecraft:white_wool":5,"minecraft:black_wool":8,"minecraft:brown_concrete":8,"minecraft:green_wool":8},"minecraft:mined":{"minecraft:slime_block":2,"minecraft:fire":1,"minecraft:yellow_stained_glass":41}},"DataVersion":3578}