{"stats":{"minecraft:picked_up":{"minecraft:orange_dye":8,"minecraft:purple_dye":8,"minecraft:oak_fence":4,"minecraft:yellow_dye":8,"minecraft:potato":13,"minecraft:dropper":9,"minecraft:gray_dye":8,"minecraft:magenta_dye":8,"minecraft:white_dye":8,"minecraft:light_gray_dye":8,"minecraft:brown_dye":8,"minecraft:black_dye":13,"minecraft:name_tag":4,"minecraft:lime_dye":8,"minecraft:birch_fence":8,"minecraft:slime_block":2,"minecraft:light_blue_dye":8,"minecraft:blue_dye":8,"minecraft:red_dye":8,"minecraft:white_concrete":9,"minecraft:cyan_dye":8,"minecraft:baked_potato":7,"minecraft:pink_dye":8,"minecraft:cobblestone":4,"minecraft:green_dye":8},"minecraft:used":{"minecraft:baked_potato":1,"minecraft:cobblestone":2},"minecraft:dropped":{"minecraft:light_blue_dye":8,"minecraft:brown_dye":8,"minecraft:blue_dye":8,"minecraft:black_dye":13,"minecraft:orange_dye":8,"minecraft:yellow_dye":8,"minecraft:green_dye":8,"minecraft:pink_dye":8,"minecraft:cyan_dye":8,"minecraft:light_gray_dye":8,"minecraft:white_dye":8,"minecraft:lime_dye":8,"minecraft:red_dye":8,"minecraft:magenta_dye":8,"minecraft:purple_dye":8,"minecraft:gray_dye":8},"minecraft:custom":{"minecraft:time_since_rest":9893,"minecraft:sprint_one_cm":3786,"minecraft:damage_taken":112,"minecraft:walk_one_cm":27964,"minecraft:drop":21,"minecraft:damage_dealt":10,"minecraft:fly_one_cm":6728,"minecraft:crouch_one_cm":60,"minecraft:play_time":9893,"minecraft:sneak_time":12,"minecraft:jump":45,"minecraft:leave_game":1,"minecraft:time_since_death":9893,"minecraft:total_world_time":9893,"minecraft:fall_one_cm":476},"minecraft:mined":{"minecraft:jungle_leaves":2,"minecraft:slime_block":2,"minecraft:yellow_stained_glass":9,"minecraft:birch_fence":2}},"DataVersion":3578}