{"stats":{"minecraft:picked_up":{"minecraft:enchanting_table":1,"minecraft:blaze_spawn_egg":1,"minecraft:purple_dye":8,"minecraft:chainmail_boots":1,"minecraft:creeper_head":1,"minecraft:golden_pickaxe":1,"minecraft:brown_wool":8,"minecraft:yellow_dye":8,"minecraft:beacon":1,"minecraft:potato":22,"minecraft:golden_shovel":1,"minecraft:mushroom_stew":3,"minecraft:magenta_dye":8,"minecraft:light_gray_dye":8,"minecraft:lapis_lazuli":24,"minecraft:elytra":1,"minecraft:name_tag":4,"minecraft:beetroot_soup":1,"minecraft:netherite_ingot":1,"minecraft:zombie_head":1,"minecraft:bone":5,"minecraft:birch_fence":8,"minecraft:witch_spawn_egg":2,"minecraft:apple":1,"minecraft:gold_nugget":2,"minecraft:netherite_sword":1,"minecraft:light_blue_dye":8,"minecraft:iron_ingot":14,"minecraft:red_dye":8,"minecraft:netherite_axe":2,"minecraft:ender_eye":7,"minecraft:green_dye":8,"minecraft:tipped_arrow":2,"minecraft:orange_dye":8,"minecraft:oak_fence":4,"minecraft:pig_spawn_egg":1,"minecraft:poisonous_potato":11,"minecraft:gray_dye":8,"minecraft:dropper":18,"minecraft:white_dye":8,"minecraft:golden_axe":1,"minecraft:villager_spawn_egg":1,"minecraft:brown_dye":8,"minecraft:leather_helmet":1,"minecraft:black_dye":13,"minecraft:wither_skeleton_spawn_egg":1,"minecraft:firework_rocket":13,"minecraft:lime_dye":8,"minecraft:diamond":15,"minecraft:slime_block":2,"minecraft:golden_hoe":1,"minecraft:chainmail_leggings":1,"minecraft:blue_dye":8,"minecraft:totem_of_undying":5,"minecraft:parrot_spawn_egg":1,"minecraft:white_concrete":9,"minecraft:baked_potato":14,"minecraft:chainmail_helmet":1,"minecraft:gold_ingot":9,"minecraft:emerald":11,"minecraft:cyan_dye":8,"minecraft:skeleton_skull":1,"minecraft:coal":5,"minecraft:pink_dye":8,"minecraft:cobblestone":4,"minecraft:ender_pearl":11},"minecraft:used":{"minecraft:netherite_sword":18,"minecraft:dropper":1,"minecraft:baked_potato":2,"minecraft:chainmail_helmet":3,"minecraft:mushroom_stew":2,"minecraft:villager_spawn_egg":1,"minecraft:slime_block":2,"minecraft:leather_helmet":3,"minecraft:cobblestone":2,"minecraft:white_concrete":5},"minecraft:custom":{"minecraft:mob_kills":10,"minecraft:leave_game":2,"minecraft:time_since_death":3105,"minecraft:time_since_rest":3146,"minecraft:sprint_one_cm":29737,"minecraft:damage_taken":1774,"minecraft:walk_one_cm":69202,"minecraft:drop":102,"minecraft:damage_dealt":537,"minecraft:fly_one_cm":85840,"minecraft:player_kills":1,"minecraft:open_chest":2,"minecraft:crouch_one_cm":494,"minecraft:play_time":21657,"minecraft:deaths":6,"minecraft:sneak_time":177,"minecraft:jump":322,"minecraft:total_world_time":21657,"minecraft:fall_one_cm":4734},"minecraft:dropped":{"minecraft:brown_dye":8,"minecraft:black_dye":13,"minecraft:orange_dye":8,"minecraft:golden_pickaxe":1,"minecraft:bowl":1,"minecraft:pink_dye":8,"minecraft:cyan_dye":8,"minecraft:poisonous_potato":11,"minecraft:oak_fence":4,"minecraft:golden_axe":1,"minecraft:cobblestone":2,"minecraft:lime_dye":8,"minecraft:name_tag":4,"minecraft:golden_shovel":1,"minecraft:purple_dye":8,"minecraft:chainmail_helmet":1,"minecraft:mushroom_stew":1,"minecraft:stick":1600,"minecraft:light_blue_dye":8,"minecraft:potato":13,"minecraft:birch_fence":8,"minecraft:blue_dye":8,"minecraft:skeleton_skull":1,"minecraft:yellow_dye":8,"minecraft:green_dye":8,"minecraft:dropper":10,"minecraft:brown_wool":8,"minecraft:zombie_head":1,"minecraft:gold_nugget":3,"minecraft:light_gray_dye":8,"minecraft:golden_hoe":1,"minecraft:white_dye":8,"minecraft:red_dye":8,"minecraft:magenta_dye":8,"minecraft:gray_dye":8,"minecraft:enchanting_table":1},"minecraft:mined":{"minecraft:jungle_leaves":2,"minecraft:slime_block":2,"minecraft:yellow_stained_glass":48,"minecraft:birch_fence":2},"minecraft:killed":{"minecraft:witch":1,"minecraft:bat":8,"minecraft:wither_skeleton":1}},"DataVersion":3578}